"Date","line_item_usage_account_name","savings_plan_split","total_used","hours"
"2021-12-06","DataConnect","Account SP Used",4300.0453603177,168
"2021-12-06","DataConnect","External SP Used",11.6768208516,168
"2021-12-06","DataConnect","No Savings Plan Used",2391.6420612297,168
"2021-12-06","DataConnect","Not Savings Plan Eligible",11032.6679567245,168
"2021-12-06","MACBIS Shared DSO","No Savings Plan Used",70.7789569077,168
"2021-12-06","MACBIS Shared DSO","Not Savings Plan Eligible",126.7074714561,168
"2021-12-06","MACFIN","Account SP Used",529.7857064371,168
"2021-12-06","MACFIN","No Savings Plan Used",908.2523830838,168
"2021-12-06","MACFIN","Not Savings Plan Eligible",897.9480047122,168
"2021-12-06","MACPRO","Account SP Used",1107.2556761386,168
"2021-12-06","MACPRO","No Savings Plan Used",1087.2301560864,168
"2021-12-06","MACPRO","Not Savings Plan Eligible",1710.1763807056,168
"2021-12-06","MACPRO - BigMac","Account SP Used",323.4903232436,168
"2021-12-06","MACPRO - BigMac","No Savings Plan Used",173.8216075626,168
"2021-12-06","MACPRO - BigMac","Not Savings Plan Eligible",949.6374466266,168
"2021-12-06","MACPRO - eAPD","Account SP Used",112.6023055638,168
"2021-12-06","MACPRO - eAPD","No Savings Plan Used",425.7766345473,168
"2021-12-06","MACPRO - eAPD","Not Savings Plan Eligible",111.6463283088,168
"2021-12-06","MACPRO - eRegs","No Savings Plan Used",46.3833010804,168
"2021-12-06","MACPRO - eRegs","Not Savings Plan Eligible",86.4369356448,168
"2021-12-06","MACPRO - MACStack","Account SP Used",313.4616136815,168
"2021-12-06","MACPRO - MACStack","No Savings Plan Used",60.287731683,168
"2021-12-06","MACPRO - MACStack","Not Savings Plan Eligible",275.7952822237,168
"2021-12-06","MACPRO - Managed Care","No Savings Plan Used",92.7478997884,168
"2021-12-06","MACPRO - Managed Care","Not Savings Plan Eligible",253.7290500481,168
"2021-12-06","MACPRO - MDCT","Account SP Used",3.6741195328,168
"2021-12-06","MACPRO - MDCT","No Savings Plan Used",58.3371149153,168
"2021-12-06","MACPRO - MDCT","Not Savings Plan Eligible",104.0437454379,168
"2021-12-06","MACPRO - MDCT QMR","No Savings Plan Used",60.5178337314,168
"2021-12-06","MACPRO - MDCT QMR","Not Savings Plan Eligible",98.940213056,168
"2021-12-06","MDP","Account SP Used",239.04,168
"2021-12-06","MDP","No Savings Plan Used",1476.0042351375,168
"2021-12-06","MDP","Not Savings Plan Eligible",800.391815807,168
"2021-12-06","MITRE","Account SP Used",37.614558882,168
"2021-12-06","MITRE","No Savings Plan Used",262.5184080406,168
"2021-12-06","MITRE","Not Savings Plan Eligible",74.0047541652,168
"2021-12-06","PMDA","Account SP Used",360.0000000002,168
"2021-12-06","PMDA","No Savings Plan Used",536.9286875018,168
"2021-12-06","PMDA","Not Savings Plan Eligible",399.1956414814,168
"2021-12-06","TMSIS","Account SP Used",4047.7241203042,168
"2021-12-06","TMSIS","External SP Used",1592.4238846236,168
"2021-12-06","TMSIS","No Savings Plan Used",3724.2515671108,168
"2021-12-06","TMSIS","Not Savings Plan Eligible",33366.4289792454,168
"2021-12-13","DataConnect","Account SP Used",5298.9284151042,168
"2021-12-13","DataConnect","External SP Used",27.0216537778,168
"2021-12-13","DataConnect","No Savings Plan Used",2969.1701511295,168
"2021-12-13","DataConnect","Not Savings Plan Eligible",12675.9683417534,168
"2021-12-13","MACBIS Shared DSO","No Savings Plan Used",84.1142673135,168
"2021-12-13","MACBIS Shared DSO","Not Savings Plan Eligible",148.1588628485,168
"2021-12-13","MACFIN","Account SP Used",629.8633934178,168
"2021-12-13","MACFIN","No Savings Plan Used",1028.2144517746,168
"2021-12-13","MACFIN","Not Savings Plan Eligible",1018.6913415906,168
"2021-12-13","MACPRO","Account SP Used",1306.8565504914,168
"2021-12-13","MACPRO","No Savings Plan Used",1195.2391453232,168
"2021-12-13","MACPRO","Not Savings Plan Eligible",1998.2385970653,168
"2021-12-13","MACPRO - BigMac","Account SP Used",377.1954978382,168
"2021-12-13","MACPRO - BigMac","No Savings Plan Used",244.3039700448,168
"2021-12-13","MACPRO - BigMac","Not Savings Plan Eligible",1165.0366064063,168
"2021-12-13","MACPRO - eAPD","Account SP Used",152.3941664042,168
"2021-12-13","MACPRO - eAPD","No Savings Plan Used",516.565759363,168
"2021-12-13","MACPRO - eAPD","Not Savings Plan Eligible",142.7652877625,168
"2021-12-13","MACPRO - eRegs","No Savings Plan Used",54.126347852,168
"2021-12-13","MACPRO - eRegs","Not Savings Plan Eligible",128.7679405722,168
"2021-12-13","MACPRO - MACStack","Account SP Used",343.226326193,168
"2021-12-13","MACPRO - MACStack","No Savings Plan Used",69.9773021363,168
"2021-12-13","MACPRO - MACStack","Not Savings Plan Eligible",314.7112224497,168
"2021-12-13","MACPRO - Managed Care","No Savings Plan Used",108.8125993352,168
"2021-12-13","MACPRO - Managed Care","Not Savings Plan Eligible",350.6921627187,168
"2021-12-13","MACPRO - MDCT","Account SP Used",3.6700673208,168
"2021-12-13","MACPRO - MDCT","No Savings Plan Used",68.0419736036,168
"2021-12-13","MACPRO - MDCT","Not Savings Plan Eligible",118.0499533525,168
"2021-12-13","MACPRO - MDCT QMR","No Savings Plan Used",70.457662222,168
"2021-12-13","MACPRO - MDCT QMR","Not Savings Plan Eligible",116.398856491,168
"2021-12-13","MDP","Account SP Used",278.88,168
"2021-12-13","MDP","No Savings Plan Used",1716.4086614187,168
"2021-12-13","MDP","Not Savings Plan Eligible",970.8265509342,168
"2021-12-13","MITRE","Account SP Used",37.6408689789,168
"2021-12-13","MITRE","No Savings Plan Used",261.78547324,168
"2021-12-13","MITRE","Not Savings Plan Eligible",81.9911326873,168
"2021-12-13","PMDA","Account SP Used",420,168
"2021-12-13","PMDA","No Savings Plan Used",619.0499261505,168
"2021-12-13","PMDA","Not Savings Plan Eligible",454.5449503607,168
"2021-12-13","TMSIS","Account SP Used",5538.9755090198,168
"2021-12-13","TMSIS","External SP Used",4210.2379778725,168
"2021-12-13","TMSIS","No Savings Plan Used",8429.8054645739,168
"2021-12-13","TMSIS","Not Savings Plan Eligible",40817.14152876,168
"2021-12-13","TMSIS","Other Internal SP Used",11.6224584881,168
"2021-12-20","DataConnect","Account SP Used",4665.9520267909,168
"2021-12-20","DataConnect","External SP Used",30.8017053506,168
"2021-12-20","DataConnect","No Savings Plan Used",2787.2396712957,168
"2021-12-20","DataConnect","Not Savings Plan Eligible",12661.4971453521,168
"2021-12-20","MACBIS Shared DSO","External SP Used",0.082743675,168
"2021-12-20","MACBIS Shared DSO","No Savings Plan Used",84.3029021692,168
"2021-12-20","MACBIS Shared DSO","Not Savings Plan Eligible",159.7064206273,168
"2021-12-20","MACFIN","Account SP Used",639.4597390859,168
"2021-12-20","MACFIN","No Savings Plan Used",1013.7706292011,168
"2021-12-20","MACFIN","Not Savings Plan Eligible",1010.8016196373,168
"2021-12-20","MACPRO","Account SP Used",1322.2288112677,168
"2021-12-20","MACPRO","No Savings Plan Used",1195.3306384974,168
"2021-12-20","MACPRO","Not Savings Plan Eligible",1940.6052352418,168
"2021-12-20","MACPRO - BigMac","Account SP Used",386.4393368774,168
"2021-12-20","MACPRO - BigMac","No Savings Plan Used",321.3985836825,168
"2021-12-20","MACPRO - BigMac","Not Savings Plan Eligible",1190.3953846862,168
"2021-12-20","MACPRO - eAPD","Account SP Used",169.133675039,168
"2021-12-20","MACPRO - eAPD","No Savings Plan Used",507.662751626,168
"2021-12-20","MACPRO - eAPD","Not Savings Plan Eligible",130.8643917296,168
"2021-12-20","MACPRO - eRegs","No Savings Plan Used",55.8217188295,168
"2021-12-20","MACPRO - eRegs","Not Savings Plan Eligible",121.0959309031,168
"2021-12-20","MACPRO - MACStack","Account SP Used",363.1900693446,168
"2021-12-20","MACPRO - MACStack","No Savings Plan Used",74.1460886396,168
"2021-12-20","MACPRO - MACStack","Not Savings Plan Eligible",314.3652665696,168
"2021-12-20","MACPRO - Managed Care","No Savings Plan Used",117.551687098,168
"2021-12-20","MACPRO - Managed Care","Not Savings Plan Eligible",315.628258641,168
"2021-12-20","MACPRO - MDCT","Account SP Used",9.0668177703,168
"2021-12-20","MACPRO - MDCT","No Savings Plan Used",68.9032009812,168
"2021-12-20","MACPRO - MDCT","Not Savings Plan Eligible",113.3109682238,168
"2021-12-20","MACPRO - MDCT QMR","No Savings Plan Used",72.3834659721,168
"2021-12-20","MACPRO - MDCT QMR","Not Savings Plan Eligible",121.1544898128,168
"2021-12-20","MDP","Account SP Used",278.88,168
"2021-12-20","MDP","No Savings Plan Used",1751.5972611751,168
"2021-12-20","MDP","Not Savings Plan Eligible",997.1123524103,168
"2021-12-20","MITRE","Account SP Used",37.6394280541,168
"2021-12-20","MITRE","No Savings Plan Used",266.0394108525,168
"2021-12-20","MITRE","Not Savings Plan Eligible",81.6188103733,168
"2021-12-20","PMDA","Account SP Used",420,168
"2021-12-20","PMDA","No Savings Plan Used",665.7612198911,168
"2021-12-20","PMDA","Not Savings Plan Eligible",454.1360878702,168
"2021-12-20","TMSIS","Account SP Used",6434.8347906431,168
"2021-12-20","TMSIS","External SP Used",8778.4280714026,168
"2021-12-20","TMSIS","No Savings Plan Used",15191.0492085622,168
"2021-12-20","TMSIS","Not Savings Plan Eligible",43413.8421750558,168
"2021-12-20","TMSIS","Other Internal SP Used",21.1825840604,168
"2021-12-27","DataConnect","Account SP Used",1984.8223413234,168
"2021-12-27","DataConnect","External SP Used",19.3908198327,168
"2021-12-27","DataConnect","No Savings Plan Used",1243.238986561,168
"2021-12-27","DataConnect","Not Savings Plan Eligible",5471.4145992936,168
"2021-12-27","MACBIS Shared DSO","External SP Used",0.4137018528,168
"2021-12-27","MACBIS Shared DSO","No Savings Plan Used",37.084593044,168
"2021-12-27","MACBIS Shared DSO","Not Savings Plan Eligible",72.711495822,168
"2021-12-27","MACBIS Shared DSO","Other Internal SP Used",0.684936713,168
"2021-12-27","MACFIN","Account SP Used",295.4939455766,168
"2021-12-27","MACFIN","No Savings Plan Used",410.1758838692,168
"2021-12-27","MACFIN","Not Savings Plan Eligible",445.2296394066,168
"2021-12-27","MACPRO","Account SP Used",580.0054450394,168
"2021-12-27","MACPRO","No Savings Plan Used",453.5341171949,168
"2021-12-27","MACPRO","Not Savings Plan Eligible",839.2213106945,168
"2021-12-27","MACPRO - BigMac","Account SP Used",173.2947034277,168
"2021-12-27","MACPRO - BigMac","No Savings Plan Used",136.8263262754,168
"2021-12-27","MACPRO - BigMac","Not Savings Plan Eligible",550.8192359782,168
"2021-12-27","MACPRO - eAPD","Account SP Used",73.5906569137,168
"2021-12-27","MACPRO - eAPD","No Savings Plan Used",229.2778000495,168
"2021-12-27","MACPRO - eAPD","Not Savings Plan Eligible",60.8848746127,168
"2021-12-27","MACPRO - eRegs","External SP Used",0.0094228796,168
"2021-12-27","MACPRO - eRegs","No Savings Plan Used",24.8673876975,168
"2021-12-27","MACPRO - eRegs","Not Savings Plan Eligible",57.8659835488,168
"2021-12-27","MACPRO - MACStack","Account SP Used",150.4074302835,168
"2021-12-27","MACPRO - MACStack","No Savings Plan Used",31.9187273183,168
"2021-12-27","MACPRO - MACStack","Not Savings Plan Eligible",128.6990638035,168
"2021-12-27","MACPRO - Managed Care","External SP Used",0.0571194339,168
"2021-12-27","MACPRO - Managed Care","No Savings Plan Used",49.0490390237,168
"2021-12-27","MACPRO - Managed Care","Not Savings Plan Eligible",158.4221274118,168
"2021-12-27","MACPRO - MDCT","Account SP Used",1.5538198922,168
"2021-12-27","MACPRO - MDCT","No Savings Plan Used",31.1855662079,168
"2021-12-27","MACPRO - MDCT","Not Savings Plan Eligible",54.7333745289,168
"2021-12-27","MACPRO - MDCT QMR","External SP Used",0.0197633722,168
"2021-12-27","MACPRO - MDCT QMR","No Savings Plan Used",32.7971250508,168
"2021-12-27","MACPRO - MDCT QMR","Not Savings Plan Eligible",62.5124200818,168
"2021-12-27","MDP","Account SP Used",127.82,168
"2021-12-27","MDP","External SP Used",6.6886577768,168
"2021-12-27","MDP","No Savings Plan Used",752.5568253243,168
"2021-12-27","MDP","Not Savings Plan Eligible",456.1554051032,168
"2021-12-27","MITRE","Account SP Used",20.6800355031,168
"2021-12-27","MITRE","External SP Used",1.1830251887,168
"2021-12-27","MITRE","No Savings Plan Used",184.0256145983,168
"2021-12-27","MITRE","Not Savings Plan Eligible",35.1554002593,168
"2021-12-27","PMDA","Account SP Used",192.5,168
"2021-12-27","PMDA","External SP Used",0.2706655134,168
"2021-12-27","PMDA","No Savings Plan Used",290.7765089544,168
"2021-12-27","PMDA","Not Savings Plan Eligible",209.9622639969,168
"2021-12-27","TMSIS","Account SP Used",2559.3494134841,168
"2021-12-27","TMSIS","External SP Used",569.8089242217,168
"2021-12-27","TMSIS","No Savings Plan Used",3907.7934805465,168
"2021-12-27","TMSIS","Not Savings Plan Eligible",16850.7294886283,168
"2021-12-27","TMSIS","Other Internal SP Used",7.4806037758,168
